﻿高桑,祥広,,高桑 祥広,たかくわ,あきひろ,akihiro.takakuwa@sekappy.com
高橋,将一,,高橋 将一,たかはし,まさかづ,masakazu.takahashi@sekappy.com
高橋,純也,らっしゅ,高橋 純也(らっしゅ),たかはし,じゅんや,rush.takahashi@sekappy.com
和田,悠作,タソガレ,和田 悠作(タソガレ),わだ,ゆうさく,tasogare.wada@sekappy.com
佐々木,理沙,,佐々木 理沙,ささき,りさ,lisa.sasaki@sekappy.com
荘司,隼人,,荘司 隼人,しょうじ,はやと,hayato.shoji@sekappy.com
内藤,絵理香,,内藤 絵理香,ないとう,えりか,erika.naito@sekappy.com
駒村,竜乃介,,駒村 竜乃介,こまむら,りゅうのすけ,ryunosuke.komamura@sekappy.com
笠川,陽介,,笠川 陽介,かさがわ,ようすけ,yousuke.kasagawa@sekappy.com
生島,真輔,,生島 真輔,おじま,しんすけ,shinsuke.ojima@sekappy.com
見留,広海,,見留 広海,みとめ,ひろうみ,hiroumi.mitome@sekappy.com
川村,匡良,,川村 匡良,かわむら,まさよし,masayoshi.kawamura@sekappy.com
青野,真之,,青野 真之,あおの,まさゆき,masayuki.aono@sekappy.com
高荷,孝,,高荷 孝,たかに,たかし,takashi.takani@sekappy.com
荻原,稔貴,,荻原 稔貴,おぎはら,としき,toshiki.ogihara@sekappy.com
吉本,怜央,,吉本 怜央,よしもと,れお,reo.yoshimoto@sekappy.com
河野,卓也,,河野 卓也,こうの,たくや,takuya.kouno@sekappy.com
山本,啓太,,山本 啓太,やまもと,けいた,keita.yamamoto@sekappy.com
佐藤,優一,,佐藤 優一,さとう,ゆういち,yuichi.sato@sekappy.com
中田,達也,,中田 達也,なかた,たつや,tatsuya.nakata@sekappy.com
板屋,智央,,板屋 智央,いたや,ともひさ,tomohisa.itaya@sekappy.com
中島,譲,,中島 譲,なかしま,ゆずる,yuzuru.nakashima@sekappy.com
志村,一郎,,志村 一郎,しむら,いちろう,ichiro.shimura@sekappy.com
石川,錬,,石川 錬,いしかわ,れん,ren.ishikawa@sekappy.com
吉村,裕司,,吉村 裕司,よしむら,ゆうじ,yuji.yoshimura@sekappy.com
岩村,了一,,岩村 了一,いわむら,りょういち,ryoichi.iwamura@sekappy.com
